STUDYID,ARM,obs_median_eot,obs_iqr_eot,obs_incidence_ae_90,obs_incidence_ae_180,obs_incidence_ae_365,sim_median_eot,sim_incidence_ae_90,sim_incidence_ae_180,sim_incidence_ae_365,suggested_time_scale
PDS310,Best supportive care,44.5,39.75,0.0,0.0,0.0,35.81533225105978,0.4032258064516129,0.4086021505376344,0.4086021505376344,1.242484634459401
PDS310,panit. plus best supportive care,83.5,135.0,0.9130434782608695,0.9130434782608695,0.9130434782608695,76.33300584883474,0.4076086956521739,0.5108695652173914,0.5434782608695652,1.093891155882926
