Treatment Arm,N,CR/PR (%),TTR (days),OS median (days),Age (median),ECOG 0-1 (%)
Panitumumab + BSC,150,26.0,75.48828132910354,194.0,63.0,84.0
BSC,150,12.666666666666668,81.89744899580046,305.0,61.0,86.66666666666667
