{
  "rsf_cv_cindex_mean": 0.3124594818825254,
  "gb_cv_cindex_mean": 0.32365024772324036,
  "n_patients": 1600,
  "n_studies": 3
}