STUDYID,ARM,obs_median_eot,obs_iqr_eot,obs_incidence_ae_90,obs_incidence_ae_180,obs_incidence_ae_365,sim_median_eot,sim_incidence_ae_90,sim_incidence_ae_180,sim_incidence_ae_365,suggested_time_scale
ASCENT2,PLACEBO,27.0,19.0,1.0,1.0,1.0,21.30766291962392,0.9505555555555556,0.9505555555555556,0.9505555555555556,1.2671497621230696
ASCENT2,PLACEBO+DOCETAXEL,74.0,143.5,0.6666666666666666,0.6666666666666666,1.0,92.12811946425732,0.29166666666666663,0.8166666666666668,0.8166666666666668,0.8032292467307939
ASCENT2,PLACEBO+DOCETAXEL+PREDNISONE,154.0,124.5,0.19222462203023757,0.42116630669546434,0.5442764578833693,134.52501988454674,0.04711663066954643,0.5677861771058316,0.598682505399568,1.1447684611544175
ASCENT2,PLACEBO+PREDNISONE,13.0,0.0,1.0,1.0,1.0,20.1637598194471,0.865,0.865,0.865,0.644721030026456
CELGENE,PLACEBO,16.0,9.0,1.0,1.0,1.0,23.228345963032822,0.9470000000000001,0.9470000000000001,0.9470000000000001,0.6888135739610343
CELGENE,PLACEBO+DOCETAXEL+PREDNISONE,211.0,152.5,0.08430913348946135,0.26697892271662765,0.6252927400468384,205.02985008719332,0.016420345489443378,0.1596641074856046,0.5018809980806143,1.029118442559792
EFC6546,PLACEBO+DOCETAXEL,224.0,187.0,0.5,0.5,0.5,214.83799184535275,0.4075,0.4075,0.68,1.0426461263948248
EFC6546,PLACEBO+DOCETAXEL+PREDNISONE,202.5,140.25,0.07885906040268456,0.18624161073825504,0.3926174496644295,213.93333052226336,0.017743288590604027,0.13875838926174497,0.3966442953020134,0.9465565721136028
